{
  "kmeans": {
    "silhouette": 0.8188915841788649,
    "n_states": 2.0,
    "silhouette_post": 0.8061884522182163,
    "davies_bouldin": 1.0410824011640214,
    "mean_regime_duration": 55.285714285714285
  },
  "gmm": {
    "silhouette": 0.5488089808023927,
    "bic": -101311.27784722371,
    "aic": -112410.70068647922,
    "n_states": 5.0,
    "silhouette_post": 0.4360252079731733,
    "davies_bouldin": 1.331541846682968,
    "mean_regime_duration": 20.36842105263158
  },
  "hmm": {
    "n_states": 6.0,
    "log_likelihood": 39306.52867866597,
    "bic": -76110.51898625943,
    "silhouette_post": 0.5984649079551191,
    "davies_bouldin": 1.356922592071733,
    "mean_regime_duration": 25.8
  },
  "changepoint": {
    "n_breaks": 4.0
  },
  "hierarchy_super": {
    "source_model": 2.0,
    "n_super_regimes": 3.0
  }
}