{
  "model_selection": {
    "kmeans_silhouette_by_k": {
      "2": 0.8188915841788649,
      "3": 0.7317395515768839,
      "4": 0.7271507830778033,
      "5": 0.7102759626769689,
      "6": 0.5648133355389824
    },
    "gmm_bic_by_k": {
      "2": -32301.898362950982,
      "3": -93028.41991273555,
      "4": -90579.77089564754,
      "5": -101311.27784722371,
      "6": -98182.87507318167
    },
    "gmm_aic_by_k": {
      "2": -36739.29244383737,
      "3": -99686.49024641165,
      "4": -99458.51748211334,
      "5": -112410.70068647922,
      "6": -111502.97416522689
    }
  },
  "duration_stats": {
    "kmeans": {
      "n_segments": 7.0,
      "mean_duration": 55.285714285714285,
      "median_duration": 4.0,
      "p90_duration": 152.0000000000001,
      "min_duration": 2.0,
      "max_duration": 353.0
    },
    "gmm": {
      "n_segments": 19.0,
      "mean_duration": 20.36842105263158,
      "median_duration": 6.0,
      "p90_duration": 63.2,
      "min_duration": 2.0,
      "max_duration": 128.0
    },
    "hmm": {
      "n_segments": 15.0,
      "mean_duration": 25.8,
      "median_duration": 5.0,
      "p90_duration": 43.79999999999998,
      "min_duration": 2.0,
      "max_duration": 257.0
    }
  },
  "transition_matrices": {
    "kmeans": [
      [
        0.625,
        0.375
      ],
      [
        0.007936507936507936,
        0.9920634920634921
      ]
    ],
    "gmm": [
      [
        0.961038961038961,
        0.0,
        0.01948051948051948,
        0.0,
        0.01948051948051948
      ],
      [
        0.0,
        0.0,
        0.0,
        0.0,
        0.0
      ],
      [
        0.0,
        0.0,
        0.9748743718592965,
        0.0,
        0.02512562814070352
      ],
      [
        0.0,
        0.0,
        0.0,
        0.0,
        0.0
      ],
      [
        0.18181818181818182,
        0.0,
        0.030303030303030304,
        0.0,
        0.7878787878787878
      ]
    ],
    "hmm": [
      [
        2.7422668142373747e-184,
        1.0,
        0.0,
        1.4147784962754291e-118,
        1.2898744371569453e-20,
        2.94286482484903e-25
      ],
      [
        1.5765519935736815e-139,
        0.578947357031524,
        0.0,
        0.07894737055484206,
        0.2894736920381227,
        0.05263158037551124
      ],
      [
        0.0,
        0.0,
        0.0,
        1.0,
        0.0,
        0.0
      ],
      [
        2.588628520888716e-181,
        0.5999997945907811,
        0.0,
        4.206905774601356e-233,
        0.20000000000474738,
        0.2000002054044714
      ],
      [
        4.09503851733637e-133,
        0.029940119757162906,
        0.002994011975613903,
        0.0029940119757663934,
        0.9580838323401418,
        0.005988023951314944
      ],
      [
        8.09471244356274e-183,
        0.5000000642033217,
        0.0,
        5.708994255103102e-150,
        0.1249999839500791,
        0.3749999518465993
      ]
    ]
  },
  "transition_entropy": {
    "kmeans": 0.3539256790516045,
    "gmm": 0.1825497136927276,
    "hmm": 0.5277991423572188
  },
  "hmm_bic_by_states": {
    "2": -42112.9696579922,
    "3": -62748.97030577886,
    "4": -63307.900401586165,
    "5": -75815.540929515,
    "6": -76110.51898625943
  },
  "hierarchical": {},
  "stability": {
    "hmm_raw_features": {
      "seeds": [
        0,
        42,
        100
      ],
      "ari_pairwise": {
        "0_42": 0.9983362854081617,
        "0_100": 0.9871320531701764,
        "42_100": 0.9878443672073012
      },
      "ari_mean": 0.9911042352618797,
      "ari_min": 0.9871320531701764,
      "unique_states_by_seed": {
        "0": 5,
        "42": 5,
        "100": 6
      }
    }
  },
  "changepoint_alignment": {
    "kmeans": {
      "precision": 0.0,
      "recall": 0.0,
      "f1": 0.0
    },
    "gmm": {
      "precision": 0.16666666666666666,
      "recall": 0.75,
      "f1": 0.27272727272727276
    },
    "hmm": {
      "precision": 0.07142857142857142,
      "recall": 0.25,
      "f1": 0.11111111111111112
    },
    "hierarchy_super": {
      "precision": 0.07142857142857142,
      "recall": 0.25,
      "f1": 0.11111111111111112
    }
  },
  "domain_validation": {},
  "sensitivity": {
    "kmeans_best_k": 2.0,
    "kmeans_best_silhouette": 0.8188915841788649,
    "gmm_best_k": 5.0,
    "gmm_best_bic": -101311.27784722371,
    "hmm_best_k": 6.0,
    "hmm_best_bic": -76110.51898625943
  }
}